{
  "0": {
    "precision": 0.763302752293578,
    "recall": 0.6489859594383776,
    "f1-score": 0.7015177065767285,
    "support": 641.0
  },
  "1": {
    "precision": 0.8200589970501475,
    "recall": 0.710997442455243,
    "f1-score": 0.7616438356164383,
    "support": 391.0
  },
  "2": {
    "precision": 0.7627118644067796,
    "recall": 0.8181818181818182,
    "f1-score": 0.7894736842105264,
    "support": 110.0
  },
  "3": {
    "precision": 0.9346153846153846,
    "recall": 0.9239543726235742,
    "f1-score": 0.9292543021032504,
    "support": 263.0
  },
  "4": {
    "precision": 0.9193548387096774,
    "recall": 0.962605548854041,
    "f1-score": 0.9404832056570419,
    "support": 829.0
  },
  "5": {
    "precision": 0.8605504587155963,
    "recall": 0.8192139737991266,
    "f1-score": 0.8393736017897092,
    "support": 1145.0
  },
  "6": {
    "precision": 0.7633928571428571,
    "recall": 0.957983193277311,
    "f1-score": 0.8496894409937888,
    "support": 357.0
  },
  "7": {
    "precision": 0.7379518072289156,
    "recall": 0.8477508650519031,
    "f1-score": 0.7890499194847022,
    "support": 289.0
  },
  "8": {
    "precision": 0.717741935483871,
    "recall": 0.9368421052631579,
    "f1-score": 0.812785388127854,
    "support": 95.0
  },
  "9": {
    "precision": 0.9714285714285714,
    "recall": 0.918918918918919,
    "f1-score": 0.9444444444444445,
    "support": 74.0
  },
  "accuracy": 0.8361945636623748,
  "macro avg": {
    "precision": 0.8251109467075379,
    "recall": 0.8545434197863472,
    "f1-score": 0.8357715529004484,
    "support": 4194.0
  },
  "weighted avg": {
    "precision": 0.8376176061685507,
    "recall": 0.8361945636623748,
    "f1-score": 0.8340326623328146,
    "support": 4194.0
  }
}